date,league,home,away,selection,prob_model,odds,ev,kelly_frac,stake,real_result
2024-09-29,Serie A,Torino,Lazio,HOME,0.39779440524438303,3.14,0.24907443246736283,0.029097480428430224,29.097480428430224,2-3
2025-04-24,La Liga,Leganes,Girona,HOME,0.38389633270541673,3.25,0.2476630812926044,0.02751812014362271,27.51812014362271,1-1
2025-04-23,Serie A,Cagliari,Fiorentina,AWAY,0.4742390101494648,2.63,0.2472485966930924,0.03792156390998348,37.92156390998348,1-2
2025-01-03,Ligue 1,Nice,Rennes,HOME,0.5152981406465612,2.42,0.24702150036467807,0.04348970076842924,43.489700768429245,3-2
2025-03-08,La Liga,Alaves,Villarreal,AWAY,0.486872803080849,2.56,0.24639437588697355,0.03948627818701499,39.486278187014996,1-0
2025-05-18,La Liga,Valencia,Ath Bilbao,AWAY,0.37707558030956,3.3,0.24434941502154794,0.026559719024081302,26.559719024081303,0-1
2025-03-29,Bundesliga,Hoffenheim,Augsburg,AWAY,0.38973235737320355,3.19,0.2432462200205192,0.027767833335675722,27.76783333567572,1-1
2025-01-19,Ligue 1,St Etienne,Nantes,HOME,0.400372314797417,3.1,0.24115417587199262,0.0287088304609515,28.7088304609515,1-1
2025-05-17,Serie A,Genoa,Atalanta,AWAY,0.5302755370841867,2.34,0.2408447567769969,0.044933723279290474,44.933723279290476,2-3
2025-01-05,Ligue 1,Angers,Brest,AWAY,0.5188198008045048,2.39,0.23997932392276655,0.04316174890697242,43.16174890697242,2-0
2025-04-26,Bundesliga,Holstein Kiel,M'gladbach,AWAY,0.4552884061827548,2.72,0.2383844648170932,0.03464890476992632,34.64890476992632,4-3
2025-04-05,Bundesliga,Werder Bremen,Ein Frankfurt,AWAY,0.40867942142479746,3.03,0.2382986469171362,0.02934712400457344,29.34712400457344,2-0
2025-05-10,Ligue 1,Montpellier,Paris SG,AWAY,0.8713024309692415,1.42,0.23724945197632286,0.05,50.0,1-4
2025-03-31,Serie A,Verona,Parma,HOME,0.410577641427339,3.01,0.23583870069629032,0.029333171728394322,29.333171728394323,0-0
2024-08-18,Serie A,Bologna,Udinese,HOME,0.5938906310321959,2.08,0.23529251254696737,0.05,50.0,1-1
2025-02-23,Serie A,Como,Napoli,AWAY,0.5233865650144741,2.36,0.23519229343415882,0.043233877469514494,43.233877469514496,2-1
2025-05-25,La Liga,Girona,Ath Madrid,AWAY,0.5532784612308049,2.23,0.23381096854469496,0.04752255458225507,47.52255458225507,0-4
2025-02-02,La Liga,Osasuna,Sociedad,HOME,0.3738192452304073,3.3,0.23360350926034412,0.025391685789167843,25.39168578916784,2-1
2025-05-20,Premier League,Crystal Palace,Wolves,HOME,0.5113064370388751,2.41,0.23224851326368912,0.041178814408455514,41.178814408455516,4-2
2024-08-25,La Liga,Alaves,Betis,AWAY,0.3599333363463761,3.42,0.23097201030460623,0.02386074486617833,23.86074486617833,0-0
2024-08-17,La Liga,Valencia,Barcelona,AWAY,0.6477815747056592,1.9,0.23078499194075253,0.05,50.0,1-2
2025-02-01,Serie A,Bologna,Como,HOME,0.6108153233517996,2.01,0.227738799937117,0.05,50.0,2-0
2025-02-08,Bundesliga,Hoffenheim,Union Berlin,HOME,0.5156874314130726,2.38,0.22733608676311268,0.04118407368896971,41.18407368896971,0-4
2024-08-31,La Liga,Espanol,Vallecano,HOME,0.4244981916928333,2.89,0.22679977399228823,0.029999970104800044,29.999970104800045,2-1
2025-03-15,Serie A,Monza,Parma,HOME,0.3906135552093186,3.14,0.2265265633572604,0.026463383569773423,26.463383569773423,1-1
2025-05-13,La Liga,Sociedad,Celta,AWAY,0.3649646345035113,3.36,0.22628117193179786,0.02397046312836843,23.970463128368433,0-1
2025-01-11,Bundesliga,Hoffenheim,Wolfsburg,AWAY,0.38897016671515683,3.15,0.225256025152744,0.02619256106427256,26.19256106427256,0-1
2024-11-02,Bundesliga,Holstein Kiel,Heidenheim,AWAY,0.4081667306580551,3.0,0.22450019197416538,0.028062523996770658,28.062523996770658,1-0
2024-11-23,Ligue 1,Reims,Lyon,HOME,0.3910911230633148,3.13,0.22411521518817512,0.0263046027216168,26.3046027216168,1-1
2024-12-05,Premier League,Bournemouth,Tottenham,AWAY,0.39991072927381377,3.06,0.2237268315778702,0.027151314511877453,27.15131451187745,1-0
2024-09-21,Serie A,Juventus,Napoli,HOME,0.48618728719336685,2.51,0.2203300908553507,0.036478491863468646,36.47849186346865,0-0
2025-04-06,Bundesliga,Union Berlin,Wolfsburg,AWAY,0.3663226990474996,3.33,0.2198545878281737,0.02358954805023323,23.58954805023323,1-0
2025-03-15,Serie A,Torino,Empoli,HOME,0.6482672165456829,1.88,0.21874236710588368,0.05,50.0,1-0
2025-01-18,Serie A,Juventus,Milan,HOME,0.5003898043369552,2.43,0.21594722453880122,0.03775301128300722,37.75301128300722,2-0
2025-01-19,Premier League,Everton,Tottenham,AWAY,0.4265379198634813,2.85,0.2156330716109216,0.029139604271746177,29.139604271746176,3-2
2025-04-06,Bundesliga,St Pauli,M'gladbach,AWAY,0.3844806756420587,3.16,0.2149589350289054,0.024879506369086285,24.879506369086286,1-1
2025-03-15,Premier League,Ipswich,Nott'm Forest,AWAY,0.6073355259912376,2.0,0.21467105198247527,0.05,50.0,2-4
2025-01-25,Bundesliga,Mainz,Stuttgart,HOME,0.3590271111981098,3.38,0.2135116358496112,0.022427692841345714,22.427692841345714,2-0
2025-05-18,Serie A,Fiorentina,Bologna,HOME,0.3862363554171011,3.14,0.21278215600969763,0.024857728505805785,24.857728505805785,3-2
2024-08-17,Premier League,Nott'm Forest,Bournemouth,AWAY,0.359865562361383,3.37,0.21274694515786075,0.022441660881630878,22.441660881630877,1-1
2025-01-10,Ligue 1,Nantes,Monaco,AWAY,0.5636581264369833,2.15,0.21186497183951403,0.04605760257380743,46.05760257380743,2-2
2025-04-05,Premier League,Crystal Palace,Brighton,HOME,0.46954792598134276,2.58,0.21143364903186446,0.03345469130251018,33.45469130251018,2-1
2025-02-08,Bundesliga,Wolfsburg,Leverkusen,AWAY,0.5603823172033566,2.16,0.21042580515925047,0.045350389042941884,45.350389042941885,0-0
2025-02-23,Premier League,Man City,Liverpool,HOME,0.3729239823468117,3.24,0.20827370280366986,0.023244832902195308,23.24483290219531,0-2
2025-02-28,Serie A,Fiorentina,Lecce,HOME,0.6226243816986683,1.94,0.20789130049541638,0.05,50.0,1-0
2024-11-25,Serie A,Empoli,Udinese,HOME,0.39344571166727493,3.07,0.20787833481853402,0.025106079084364012,25.106079084364012,1-1
2025-03-08,Ligue 1,Rennes,Paris SG,AWAY,0.7143494386655171,1.69,0.20725055134472403,0.05,50.0,1-4
2024-12-08,La Liga,Osasuna,Alaves,HOME,0.5338725002298822,2.26,0.20655185051953362,0.04098251002371699,40.98251002371699,2-2
2025-01-25,Serie A,Napoli,Juventus,HOME,0.46288998808577425,2.6,0.203513969023013,0.03179905765984578,31.79905765984578,2-1
2025-02-15,Serie A,Atalanta,Cagliari,HOME,0.7711580730327141,1.56,0.20300659393103415,0.05,50.0,0-0
2025-04-12,Ligue 1,Strasbourg,Nice,HOME,0.40725280073931647,2.95,0.20139576218098365,0.025819969510382516,25.819969510382517,2-2
2024-12-22,Premier League,Fulham,Southampton,HOME,0.7143081148019995,1.68,0.2000376328673592,0.05,50.0,0-0
2025-04-27,Bundesliga,Bochum,Union Berlin,AWAY,0.3856538762505831,3.11,0.1993835551393135,0.02362364397385231,23.62364397385231,1-1
2025-03-30,Ligue 1,Le Havre,Nantes,HOME,0.3759366228803108,3.19,0.1992378269881916,0.022744044176734188,22.74404417673419,3-2
2025-02-23,La Liga,Getafe,Betis,HOME,0.39218473354185046,3.05,0.19616343730264374,0.023922370402761448,23.922370402761448,1-2
2025-01-26,La Liga,Vallecano,Girona,AWAY,0.36564767531011155,3.27,0.19566789826406472,0.02154932800265031,21.54932800265031,2-1
2025-02-09,Bundesliga,Holstein Kiel,Bochum,HOME,0.49791316067594177,2.4,0.19499158562226016,0.03481992600397503,34.81992600397503,2-2
2024-12-14,Bundesliga,St Pauli,Werder Bremen,HOME,0.3983241966008808,3.0,0.19497258980264243,0.024371573725330303,24.371573725330304,0-2
2024-11-10,Ligue 1,Montpellier,Brest,AWAY,0.4543551400317697,2.63,0.1949540182835543,0.029900923049624877,29.900923049624875,3-1
2024-12-21,Bundesliga,Werder Bremen,Union Berlin,HOME,0.5128556790587099,2.33,0.19495373220679402,0.03664543838473572,36.64543838473572,4-1
2025-01-05,Serie A,Roma,Lazio,AWAY,0.38619982497704597,3.09,0.1933574591790721,0.023128882676922487,23.128882676922487,2-0
2025-05-03,Serie A,Inter,Verona,HOME,0.811306147311544,1.47,0.19262003654796978,0.05,50.0,1-0
2024-12-29,Serie A,Milan,Roma,HOME,0.5071332698004951,2.35,0.19176318403116355,0.03551170074651176,35.511700746511764,1-1
2025-02-01,La Liga,Getafe,Sevilla,HOME,0.4268532790493823,2.79,0.19092064854777657,0.02666489504857216,26.664895048572163,0-0
2024-11-23,Serie A,Milan,Juventus,AWAY,0.35421260000566107,3.36,0.1901543360190212,0.02014346779862513,20.143467798625128,0-0
2024-11-23,Premier League,Everton,Brentford,AWAY,0.37416677078730476,3.18,0.18985033110362926,0.02177182696142536,21.77182696142536,0-0
2024-11-23,Bundesliga,Hoffenheim,RB Leipzig,AWAY,0.5359170257084254,2.22,0.1897357970727045,0.03888028628539024,38.88028628539024,4-3
2024-10-25,La Liga,Espanol,Sevilla,HOME,0.3849530677706413,3.09,0.18950497941128153,0.022668059738191585,22.668059738191584,0-2
2025-05-25,Serie A,Udinese,Fiorentina,AWAY,0.4886149764785409,2.43,0.18733439284285458,0.03275076797952001,32.750767979520006,2-3
2025-01-05,Serie A,Monza,Cagliari,HOME,0.47816194891245156,2.48,0.18584163330287984,0.03139216778764862,31.392167787648617,1-2
2024-09-28,La Liga,Osasuna,Barcelona,AWAY,0.6586616399965679,1.8,0.18559095199382236,0.05,50.0,4-2
2025-04-13,Serie A,Fiorentina,Parma,HOME,0.673573699733277,1.76,0.18548971153056737,0.05,50.0,0-0
2025-03-07,Serie A,Cagliari,Genoa,AWAY,0.34863067665307557,3.4,0.18534430062045693,0.019306697981297596,19.306697981297596,1-1
2025-05-10,Premier League,Wolves,Brighton,HOME,0.38483078120757036,3.08,0.18527880611931669,0.022269087273956344,22.269087273956345,0-2
2024-12-09,Serie A,Monza,Udinese,HOME,0.4211186593102403,2.81,0.18334343266177533,0.02532367854444409,25.32367854444409,1-2
2025-05-18,La Liga,Mallorca,Getafe,HOME,0.46212372355823067,2.56,0.18303673230907047,0.029332809664915156,29.332809664915157,1-2
2025-01-10,Serie A,Lazio,Como,HOME,0.5770708899065947,2.05,0.18299532430851917,0.043570315311552164,43.570315311552164,1-1
2025-04-12,Ligue 1,Toulouse,Lille,HOME,0.3573505154156561,3.31,0.18283020602582178,0.019786818833963386,19.786818833963384,1-2
2025-02-16,Serie A,Parma,Roma,AWAY,0.5654882189535047,2.09,0.18187037761282454,0.0417133893607396,41.713389360739605,0-1
2025-04-06,Serie A,Torino,Verona,HOME,0.6090773527856845,1.94,0.181610064404228,0.048300549043677664,48.30054904367766,1-1
2024-09-20,Bundesliga,Augsburg,Mainz,AWAY,0.3899095214949977,3.03,0.1814258501298429,0.022343084991359966,22.343084991359966,2-3
2025-03-09,La Liga,Ath Bilbao,Mallorca,HOME,0.6789777352656093,1.74,0.18142125936216025,0.05,50.0,1-1
2024-10-05,Ligue 1,Rennes,Monaco,AWAY,0.4471109726159324,2.64,0.1803729677060617,0.027495879223484995,27.495879223484994,1-2
2024-12-07,Premier League,Brentford,Newcastle,HOME,0.39079003237854326,3.02,0.1801858977832007,0.022300234874158505,22.300234874158505,4-2
2025-05-11,Premier League,Tottenham,Crystal Palace,HOME,0.3768713237634544,3.13,0.1796072433796123,0.0210806623684991,21.080662368499098,0-2
2025-05-01,Premier League,Nott'm Forest,Brentford,HOME,0.5018472695502619,2.35,0.1793410834431155,0.03321131174872511,33.21131174872511,0-2
2025-01-15,Bundesliga,Bochum,St Pauli,AWAY,0.3880454951784679,3.03,0.17577785039075766,0.021647518521029283,21.647518521029284,1-0
2024-11-10,La Liga,Betis,Celta,HOME,0.5155999090052048,2.28,0.17556779253186683,0.03429058447888025,34.29058447888025,2-2
2024-12-01,Premier League,Tottenham,Fulham,HOME,0.5936051236456219,1.98,0.17533814481833132,0.04472911857610493,44.72911857610493,1-1
2025-05-11,Premier League,Liverpool,Arsenal,HOME,0.524299455071932,2.24,0.17443077936112772,0.03516749583893703,35.16749583893703,2-2
2024-11-30,Bundesliga,Werder Bremen,Stuttgart,AWAY,0.4194173833744535,2.8,0.17436867344846974,0.02421787131228745,24.21787131228745,2-2
2025-02-14,Ligue 1,Brest,Auxerre,HOME,0.5453104878944656,2.15,0.17241754897310102,0.037482075863717594,37.4820758637176,2-2
2024-10-27,Serie A,Monza,Venezia,HOME,0.5351079415789088,2.19,0.17188639205781042,0.03611058656676688,36.11058656676688,2-2
2025-01-11,Bundesliga,Mainz,Bochum,HOME,0.6971306724483404,1.68,0.1711795297132117,0.05,50.0,2-0
2024-09-14,Bundesliga,M'gladbach,Stuttgart,AWAY,0.46640692130451666,2.51,0.1706813724743368,0.02825850537654581,28.258505376545813,1-3
2025-04-26,Bundesliga,Ein Frankfurt,RB Leipzig,AWAY,0.33622747247584595,3.48,0.1700716042159438,0.017144314941123378,17.144314941123376,4-0
2025-03-16,Serie A,Fiorentina,Juventus,HOME,0.34808058040571566,3.36,0.16955075016320453,0.017960884551186922,17.960884551186922,3-0
2025-02-22,La Liga,Valencia,Ath Madrid,AWAY,0.5542341331898846,2.11,0.1694340210306564,0.038160815547445145,38.16081554744515,0-3
2025-04-13,Premier League,Wolves,Tottenham,AWAY,0.3699023626706471,3.16,0.16889146603924488,0.019547623384171847,19.547623384171846,4-2
2025-05-17,Bundesliga,Hoffenheim,Bayern Munich,AWAY,0.6999192621968782,1.67,0.16886516786878647,0.05,50.0,0-4
2024-10-20,Serie A,Lecce,Fiorentina,AWAY,0.49082745979431774,2.38,0.16816935431047608,0.03046546273740511,30.46546273740511,0-6
2025-01-11,La Liga,Alaves,Girona,AWAY,0.46893527877703267,2.49,0.1676488441548114,0.028129000697116005,28.129000697116005,0-1
2024-08-25,La Liga,Leganes,Las Palmas,HOME,0.48416091314127985,2.41,0.16682780067048442,0.029579397282000798,29.579397282000798,2-1
2024-12-21,Premier League,Brentford,Nott'm Forest,HOME,0.4610908130125545,2.53,0.16655975692176272,0.027215646555843603,27.215646555843602,0-2
2024-08-18,Ligue 1,Rennes,Lyon,AWAY,0.3634084259652136,3.21,0.16654104734833575,0.018839484994155616,18.839484994155615,3-0
2025-02-16,Premier League,Tottenham,Man United,HOME,0.5278214325667595,2.21,0.1664853659725385,0.03439780288688812,34.397802886888115,1-0
2025-05-18,La Liga,Barcelona,Villarreal,HOME,0.681783397485205,1.71,0.16584960969970042,0.05,50.0,2-3
2025-01-26,Bundesliga,St Pauli,Union Berlin,HOME,0.48768541844339974,2.39,0.16556815007972547,0.029778444258943427,29.778444258943427,3-0
2024-08-31,Premier League,Everton,Bournemouth,HOME,0.37112569825803327,3.14,0.1653346925302246,0.019314800529231842,19.314800529231842,2-3
2024-11-02,Serie A,Bologna,Lecce,HOME,0.6435072207180705,1.81,0.16474806949970766,0.05,50.0,1-0
2024-08-18,Ligue 1,Toulouse,Nantes,HOME,0.5493335722675317,2.12,0.1645871732071671,0.036738208305171244,36.73820830517124,0-0
2025-04-23,La Liga,Celta,Villarreal,AWAY,0.3881375173189795,3.0,0.16441255195693838,0.02055156899461731,20.551568994617313,3-0
2025-03-09,Serie A,Empoli,Roma,AWAY,0.5516052212857758,2.11,0.1638870169129869,0.036911490295717775,36.911490295717776,0-1
2025-04-02,Premier League,Southampton,Crystal Palace,AWAY,0.7137804506666703,1.63,0.16346213458667247,0.05,50.0,1-1
2025-05-03,La Liga,Alaves,Ath Madrid,AWAY,0.5458739731274818,2.13,0.1627115627615361,0.03599813335432215,35.99813335432215,0-0
2024-08-31,Ligue 1,Montpellier,Nantes,HOME,0.5029684906974233,2.31,0.16185721351104787,0.030888781204398447,30.888781204398448,1-3
2024-09-01,La Liga,Sevilla,Girona,AWAY,0.48581458374471354,2.39,0.1610968551498655,0.02897425452335708,28.974254523357082,0-2
2024-11-02,Bundesliga,Dortmund,RB Leipzig,AWAY,0.3615464775188427,3.21,0.16056419283548506,0.018163370230258505,18.163370230258504,2-1
2024-10-25,Serie A,Udinese,Cagliari,HOME,0.5131214997892196,2.26,0.15965458952363631,0.03167749792135639,31.677497921356395,2-0
2024-08-24,Bundesliga,Freiburg,Stuttgart,AWAY,0.5915453058638036,1.96,0.159428799493055,0.04151791653464974,41.51791653464974,3-1
2025-02-08,Ligue 1,Nice,Lens,HOME,0.4750885861855939,2.44,0.15921615029284908,0.027641692759175187,27.641692759175186,2-0
2024-11-24,La Liga,Ath Bilbao,Sociedad,HOME,0.4769902940640667,2.43,0.15908641457568207,0.027812310240503856,27.812310240503855,1-0
2024-12-14,La Liga,Mallorca,Girona,AWAY,0.3873029561569818,2.99,0.15803583890937567,0.019853748606705485,19.853748606705487,2-1
2024-11-02,Premier League,Southampton,Everton,AWAY,0.4128877418543585,2.8,0.15608567719220368,0.021678566276694972,21.678566276694973,1-0
2025-05-10,La Liga,Ath Madrid,Sociedad,HOME,0.6316939937037952,1.83,0.15600000847794515,0.04698795436082688,46.98795436082688,4-0
2025-02-01,Serie A,Monza,Verona,HOME,0.46605113306786183,2.48,0.15580681000829744,0.026318717906806982,26.31871790680698,0-1
2024-12-28,Serie A,Empoli,Genoa,HOME,0.44448808085233793,2.6,0.1556690102160787,0.024323282846262298,24.3232828462623,1-2
2024-10-25,Bundesliga,Mainz,M'gladbach,HOME,0.49771384942390345,2.32,0.154696130663456,0.02929850959535152,29.29850959535152,1-1
2024-12-15,Premier League,Southampton,Tottenham,AWAY,0.6449964540258926,1.79,0.15454365270634773,0.04890621921086953,48.90621921086953,0-5
2025-02-22,Premier League,Bournemouth,Wolves,HOME,0.695073676712396,1.66,0.15382230334257718,0.05,50.0,0-1
2025-03-02,La Liga,Mallorca,Alaves,HOME,0.44834172264182637,2.57,0.15223822718949376,0.024241755921893895,24.241755921893894,1-1
2025-02-19,Premier League,Aston Villa,Liverpool,AWAY,0.6126929085162927,1.88,0.1518626680106301,0.043142803412110825,43.14280341211082,2-2
2024-12-14,La Liga,Espanol,Osasuna,AWAY,0.40404043231276554,2.85,0.15151523209138174,0.020475031363700248,20.47503136370025,0-0
2025-02-07,Ligue 1,Nantes,Brest,AWAY,0.37009126670535364,3.11,0.1509838394536498,0.017889080503986944,17.889080503986943,0-2
2025-04-25,Ligue 1,Paris SG,Nice,HOME,0.7522669762191013,1.53,0.15096847361522503,0.05,50.0,1-3
2024-12-06,Serie A,Atalanta,Milan,HOME,0.5502828084162477,2.09,0.15009106958995755,0.03442455724540311,34.42455724540311,2-1
2024-08-24,Premier League,Southampton,Nott'm Forest,AWAY,0.36965906482524785,3.11,0.1496396916065208,0.017729821280393448,17.72982128039345,0-1
2024-08-24,La Liga,Getafe,Vallecano,HOME,0.4189854790670171,2.74,0.14802021264362697,0.021267271931555597,21.267271931555598,0-0
2024-08-17,Serie A,Empoli,Monza,AWAY,0.3554082661261897,3.23,0.14796869958759262,0.016588419236277213,16.588419236277215,0-0
2024-08-25,Ligue 1,Strasbourg,Rennes,HOME,0.33861839260306814,3.39,0.14791635092440103,0.015472421644811822,15.472421644811822,3-1
2025-03-16,Serie A,Atalanta,Inter,HOME,0.4380220039411904,2.62,0.14761765032591878,0.022780501593506,22.780501593506,0-2
2025-01-11,Bundesliga,Heidenheim,Union Berlin,HOME,0.3527137365580083,3.25,0.14631964381352702,0.016257738201503003,16.257738201503003,2-0
2024-12-07,Serie A,Genoa,Torino,AWAY,0.3421726390374195,3.35,0.1462783407753554,0.01556152561439951,15.56152561439951,0-0
2024-08-18,Premier League,Brentford,Crystal Palace,AWAY,0.43088745629795866,2.66,0.14616063375257005,0.022012143637435245,22.012143637435244,2-1
2025-04-05,La Liga,Mallorca,Celta,HOME,0.39110403704978164,2.93,0.14593482855586037,0.0189034752015363,18.903475201536303,1-2
2024-11-03,Ligue 1,Nantes,Marseille,AWAY,0.520755139852917,2.2,0.1456613076764175,0.030346105765920308,30.346105765920306,1-2
2025-03-08,Premier League,Wolves,Everton,AWAY,0.39779764159512454,2.88,0.14565720779395863,0.019369309547068968,19.36930954706897,1-1
2025-02-09,Serie A,Lecce,Bologna,AWAY,0.5588566662327283,2.05,0.14565616577709295,0.034680039470736425,34.680039470736425,0-0
2025-05-17,Bundesliga,M'gladbach,Wolfsburg,HOME,0.5000123782811065,2.29,0.14502834626373384,0.02810626865576237,28.10626865576237,0-1
2024-11-24,Ligue 1,Lille,Rennes,HOME,0.5870364477774448,1.95,0.14472107316601734,0.03808449293842562,38.08449293842562,1-0
2024-12-08,Premier League,Tottenham,Chelsea,HOME,0.39056783795599936,2.93,0.1443637652110783,0.018699969586927226,18.699969586927224,3-4
2024-09-01,Ligue 1,Reims,Rennes,HOME,0.3404500561961867,3.36,0.14391218881918721,0.015244935256269833,15.244935256269834,2-1
2024-08-18,Serie A,Cagliari,Roma,AWAY,0.5395766069528898,2.12,0.14390240674012644,0.03212107293306393,32.121072933063935,0-0
2025-05-25,La Liga,Villarreal,Sevilla,HOME,0.6425863511795328,1.78,0.1438037050995684,0.04609093112165654,46.09093112165654,4-2
2024-09-17,La Liga,Mallorca,Sociedad,HOME,0.3713234313719965,3.08,0.14367616862574928,0.01726877026751794,17.26877026751794,1-0
2025-04-06,Premier League,Fulham,Liverpool,AWAY,0.5888722450626107,1.94,0.1424121554214648,0.03787557325038957,37.87557325038957,3-2
2024-08-23,La Liga,Sevilla,Villarreal,AWAY,0.34405352345479684,3.32,0.14225769786992548,0.015329493304948856,15.329493304948855,1-2
2024-12-08,Serie A,Verona,Empoli,AWAY,0.3590174514139389,3.18,0.14167549549632574,0.016247189850496082,16.24718985049608,1-4
2024-11-02,Premier League,Wolves,Crystal Palace,AWAY,0.3643568357216357,3.13,0.14043689580871965,0.0164832037334178,16.4832037334178,2-2
2024-12-03,Premier League,Leicester,West Ham,HOME,0.3751378390736002,3.04,0.14041903078374474,0.01720821455683145,17.20821455683145,3-1
2025-02-21,Ligue 1,Rennes,Reims,HOME,0.5111050603474325,2.23,0.13976428457477463,0.028407374913572057,28.407374913572056,1-0
2025-03-30,Ligue 1,Auxerre,Montpellier,HOME,0.6125920042932239,1.86,0.13942112798539652,0.040529397670173405,40.5293976701734,1-0
2025-02-25,Premier League,Wolves,Fulham,AWAY,0.35603717575398874,3.2,0.13931896241276398,0.015831700274177737,15.831700274177736,1-2
2025-04-06,La Liga,Villarreal,Ath Bilbao,AWAY,0.3421175997260404,3.33,0.13925160708771456,0.014941159558767656,14.941159558767657,0-0
2024-11-01,Ligue 1,Lille,Lyon,HOME,0.4996703777198936,2.28,0.13924846120135737,0.027196965078390114,27.196965078390114,1-1
2024-12-07,Ligue 1,Monaco,Toulouse,HOME,0.6025313892236784,1.89,0.13878432563275211,0.038984361132795575,38.98436113279558,2-0
2024-08-31,Serie A,Lazio,Milan,HOME,0.39648702092587046,2.87,0.13791775005724816,0.01843820187931125,18.43820187931125,2-2
2024-10-30,Serie A,Venezia,Udinese,AWAY,0.402012423944756,2.83,0.13769515976365954,0.018810814175363323,18.810814175363323,3-2
2024-10-19,Ligue 1,Brest,Rennes,HOME,0.41630680613441984,2.73,0.13651758074696607,0.019727974096382397,19.727974096382397,1-1
2025-02-15,Premier League,Man City,Newcastle,HOME,0.5437163355450474,2.09,0.13636714128914895,0.03127686726815344,31.27686726815344,4-0
2024-12-21,La Liga,Celta,Sociedad,AWAY,0.37607345522180535,3.02,0.13574183476985224,0.0167997320259718,16.7997320259718,2-0
2025-01-24,Serie A,Torino,Cagliari,HOME,0.49161541735786995,2.31,0.13563161409667956,0.025883895819977035,25.883895819977035,2-0
2025-02-06,Serie A,Fiorentina,Inter,AWAY,0.5789520715605424,1.96,0.13474606025866298,0.035090119859026846,35.09011985902684,3-0
2024-08-24,Premier League,Crystal Palace,West Ham,HOME,0.5759107313908894,1.97,0.13454414084005228,0.03467632495877634,34.676324958776334,0-2
2024-12-26,Premier League,Bournemouth,Crystal Palace,HOME,0.5324903698777766,2.13,0.1342044878396642,0.02969125837160713,29.69125837160713,0-0
2025-03-01,Serie A,Napoli,Inter,HOME,0.35551115081988793,3.19,0.13408057111544247,0.015306001268886127,15.306001268886126,1-1
2024-08-31,Premier League,Ipswich,Fulham,HOME,0.3693708021146584,3.07,0.13396836249200117,0.016179753924154744,16.179753924154745,1-1
2024-10-18,Ligue 1,Monaco,Lille,HOME,0.5312652752353315,2.13,0.13159503625125613,0.029113946073286733,29.113946073286733,0-0
2025-05-10,Bundesliga,Bochum,Mainz,AWAY,0.5143055019610312,2.2,0.1314721043142688,0.027390021732139308,27.390021732139306,1-4
2024-10-06,La Liga,Sociedad,Ath Madrid,AWAY,0.4051862249266694,2.79,0.13046956754540773,0.018222006640420056,18.222006640420055,1-1
2025-05-10,Serie A,Empoli,Parma,AWAY,0.3248177498919498,3.48,0.13036576962398527,0.013141710647579161,13.141710647579162,2-1
2024-12-30,Serie A,Bologna,Verona,HOME,0.728469540015826,1.55,0.1291277870245302,0.05,50.0,2-3
2025-02-07,Serie A,Como,Juventus,AWAY,0.4951559887622742,2.28,0.12895565437798506,0.02518665124570021,25.18665124570021,1-2
2024-12-06,Bundesliga,Stuttgart,Union Berlin,HOME,0.5845139886494428,1.93,0.12811199809342466,0.03443870916489908,34.43870916489908,3-2
2024-08-25,Premier League,Bournemouth,Newcastle,AWAY,0.4205987918011416,2.68,0.12720476202705955,0.018929280063550526,18.929280063550525,1-1
2025-05-04,Bundesliga,Freiburg,Leverkusen,AWAY,0.49640408900003763,2.27,0.12683728203008537,0.024967968903560112,24.967968903560113,2-2
2025-05-17,Ligue 1,Lens,Monaco,AWAY,0.45045288825510954,2.5,0.12613222063777396,0.02102203677296231,21.02203677296231,4-0
2025-03-15,Premier League,Everton,West Ham,HOME,0.531113938550257,2.12,0.12596154972654494,0.028116417349675207,28.116417349675206,1-1
2024-11-30,Bundesliga,RB Leipzig,Wolfsburg,HOME,0.6284830119141734,1.79,0.12498459132637052,0.03955208586277546,39.55208586277546,1-5
2025-04-19,Premier League,West Ham,Southampton,HOME,0.6858007370515037,1.64,0.12471320876446601,0.04871609717361952,48.716097173619524,1-1
2025-02-16,Serie A,Monza,Lecce,HOME,0.37822570512439146,2.97,0.12333034421944267,0.015651058911096798,15.651058911096797,0-0
2025-01-10,La Liga,Vallecano,Celta,HOME,0.38570546135828326,2.91,0.12240289255260439,0.016021321014738795,16.021321014738795,2-1
2025-04-13,La Liga,Osasuna,Girona,HOME,0.4314879040850424,2.6,0.12186855062111035,0.019041961034548475,19.041961034548475,2-1
2025-05-03,Bundesliga,M'gladbach,Hoffenheim,HOME,0.4939268467005147,2.27,0.12121394201016833,0.02386101220672605,23.861012206726052,4-4
2024-12-28,Serie A,Cagliari,Inter,AWAY,0.7951690703367442,1.41,0.12118838917480934,0.05,50.0,0-3
2025-03-02,Ligue 1,Auxerre,Strasbourg,HOME,0.3535379572744788,3.17,0.12071532456009781,0.013907295456232455,13.907295456232454,0-1
2024-11-03,Bundesliga,M'gladbach,Werder Bremen,AWAY,0.37211420152717434,3.01,0.12006374659679464,0.014933301815521723,14.933301815521723,4-1
2024-10-06,Premier League,Aston Villa,Man United,HOME,0.5022621208080478,2.23,0.12004452940194654,0.024399294593891573,24.39929459389157,0-0
2025-04-20,Premier League,Man United,Wolves,HOME,0.4307798203119295,2.6,0.12002753281101675,0.018754302001721367,18.754302001721367,0-1
2025-05-03,Premier League,Leicester,Southampton,HOME,0.4569750921130282,2.45,0.11958897567691928,0.020618788909813668,20.618788909813667,2-0
2024-09-27,La Liga,Valladolid,Mallorca,HOME,0.3322096485509238,3.37,0.11954651561661311,0.012610391942680719,12.61039194268072,1-2
2024-09-28,Serie A,Bologna,Atalanta,HOME,0.3769234404951166,2.97,0.11946261827049631,0.015160230744986854,15.160230744986853,1-1
2024-11-04,Serie A,Lazio,Cagliari,HOME,0.7170103147990414,1.56,0.11853609108650476,0.05,50.0,2-1
2024-12-08,Serie A,Fiorentina,Cagliari,HOME,0.7123272722625855,1.57,0.11835381745225937,0.05,50.0,1-0
2025-03-30,La Liga,Getafe,Villarreal,HOME,0.3337761833348304,3.35,0.11815021417168192,0.01256917172039168,12.569171720391681,1-2
2025-04-21,La Liga,Girona,Betis,AWAY,0.39502622758850947,2.83,0.11792422407548186,0.016109866676978397,16.1098666769784,1-3
2025-03-02,Serie A,Bologna,Cagliari,HOME,0.6424464218303045,1.74,0.11785677398472982,0.03981647769754388,39.81647769754388,2-1
2025-01-04,Serie A,Venezia,Empoli,AWAY,0.36524857320647475,3.06,0.1176606340118127,0.014279203156773387,14.279203156773386,1-1
2025-01-27,Serie A,Genoa,Monza,HOME,0.4775113923796107,2.34,0.1173766581682889,0.021898630255277805,21.898630255277805,2-0
2024-09-27,Ligue 1,Auxerre,Brest,AWAY,0.457839139581275,2.44,0.117127500578311,0.020334635517067864,20.334635517067863,3-0
2024-09-01,Ligue 1,Monaco,Lens,HOME,0.5367246391159706,2.08,0.1163872493612188,0.026941492907689536,26.941492907689536,1-1
2025-03-02,Serie A,Roma,Como,HOME,0.5609436258529575,1.99,0.11627781544738558,0.029363084708935724,29.363084708935723,2-1
2025-04-13,La Liga,Ath Bilbao,Vallecano,HOME,0.6029031597871333,1.85,0.11537084560619659,0.033932601648881344,33.932601648881345,3-1
2024-10-27,Bundesliga,Union Berlin,Ein Frankfurt,AWAY,0.36173113148065356,3.08,0.11413188496041293,0.013717774634665015,13.717774634665016,1-1
2025-02-08,Serie A,Torino,Genoa,HOME,0.4546059034378993,2.45,0.11378446342285331,0.019618010934974724,19.618010934974723,1-1
2025-01-25,Premier League,Wolves,Arsenal,AWAY,0.6917251906340877,1.61,0.11367755692088122,0.046589162672492294,46.58916267249229,0-1
2024-11-09,Premier League,Brentford,Bournemouth,HOME,0.4218043495439209,2.64,0.11356348279595108,0.017311506523773047,17.311506523773048,3-2
2025-02-15,La Liga,Villarreal,Valencia,HOME,0.643657893652476,1.73,0.11352815601878352,0.038879505485884785,38.879505485884785,1-1
2025-04-20,Ligue 1,St Etienne,Lyon,AWAY,0.6789520326088165,1.64,0.11348133347845901,0.04432864589002308,44.32864589002308,2-1
2025-05-11,Serie A,Verona,Lecce,HOME,0.434334799222466,2.56,0.11189708600951298,0.017932225322037337,17.932225322037336,1-1
2025-04-19,Premier League,Brentford,Brighton,HOME,0.4117553153102677,2.7,0.11173935133772295,0.01643225754966514,16.432257549665138,4-2
2025-04-02,Premier League,Liverpool,Everton,HOME,0.7411502656115154,1.5,0.11172539841727325,0.05,50.0,1-0
2025-01-12,La Liga,Las Palmas,Getafe,HOME,0.43246091582725354,2.57,0.11142455367604165,0.017742763324210438,17.742763324210436,1-2
2025-05-04,Ligue 1,Lille,Marseille,HOME,0.455219600326892,2.44,0.11073582479761646,0.019224969582919523,19.224969582919524,1-1
2025-02-02,Ligue 1,Reims,Nantes,HOME,0.4849246123477925,2.29,0.11047736227644478,0.021410341526442785,21.410341526442785,1-2
2025-02-14,Bundesliga,Augsburg,RB Leipzig,AWAY,0.45493345688990305,2.44,0.11003763481136342,0.019103756043639484,19.103756043639486,0-0
2024-10-05,Premier League,Brentford,Wolves,HOME,0.5259570500413933,2.11,0.10976937558733968,0.02472283233949092,24.72283233949092,5-3
2024-09-29,La Liga,Ath Madrid,Real Madrid,AWAY,0.4035269239165564,2.75,0.10969904077053005,0.015671291538647165,15.671291538647166,1-1
2024-12-01,Bundesliga,Mainz,Hoffenheim,HOME,0.5160309539389897,2.15,0.10946655096882774,0.02379707629757125,23.797076297571248,2-0
2025-04-05,Ligue 1,Lyon,Lille,HOME,0.4799764289878303,2.31,0.10874555096188798,0.020752967740818317,20.752967740818317,2-1
2024-08-31,Bundesliga,Bochum,M'gladbach,HOME,0.3849578025718809,2.88,0.10867847140701703,0.014451924389230989,14.451924389230989,0-2
2024-10-06,La Liga,Alaves,Barcelona,AWAY,0.647515500123251,1.71,0.10725150521075921,0.03776461451083069,37.76461451083069,0-3
2025-02-01,Premier League,Ipswich,Southampton,HOME,0.5795438123468879,1.91,0.10692868158255586,0.029376011423779085,29.376011423779087,1-2
2024-12-15,La Liga,Alaves,Ath Bilbao,AWAY,0.49360038526331124,2.24,0.10566486298981737,0.02130339979633414,21.30339979633414,1-1
2025-03-29,Serie A,Venezia,Bologna,AWAY,0.6041381356912133,1.83,0.10557278831492045,0.031799032624976034,31.799032624976036,0-1
2024-08-17,Premier League,Newcastle,Southampton,HOME,0.7782169772899085,1.42,0.10506810775166997,0.05,50.0,1-0
2024-12-21,Bundesliga,Ein Frankfurt,Mainz,HOME,0.5253574614181911,2.1,0.10325066897820134,0.02346606113140937,23.46606113140937,1-3
2024-10-05,Ligue 1,St Etienne,Auxerre,HOME,0.3424321116830959,3.22,0.10263139961956891,0.01155759004724875,11.55759004724875,3-1
2024-12-30,Premier League,Man United,Newcastle,AWAY,0.42733298047779394,2.58,0.1025190896327084,0.016221374941884237,16.22137494188424,0-2
2024-12-07,Ligue 1,Nice,Le Havre,HOME,0.6803959894768399,1.62,0.10224150295248058,0.041226412480838984,41.22641248083898,2-1
2025-03-10,Serie A,Lazio,Udinese,HOME,0.5861972542803074,1.88,0.10205083804697801,0.02899171535425509,28.99171535425509,1-1
2025-05-11,Premier League,Newcastle,Chelsea,HOME,0.48114687808228357,2.29,0.10182635080842939,0.019733788916362304,19.733788916362304,2-0
2024-09-21,Serie A,Venezia,Genoa,AWAY,0.4095771110579256,2.69,0.10176242874581987,0.015053613719795838,15.053613719795838,2-0
2025-05-18,Serie A,Verona,Como,AWAY,0.44246280203502353,2.49,0.10173237706720872,0.01706919078308871,17.06919078308871,1-1
2024-11-24,La Liga,Osasuna,Villarreal,AWAY,0.38625237110812793,2.85,0.10081925765816457,0.013624224007860092,13.624224007860091,2-2
2025-03-29,Bundesliga,Ein Frankfurt,Stuttgart,HOME,0.42636475469147855,2.58,0.1000210671040147,0.015826118212660552,15.826118212660553,1-0
2025-05-24,La Liga,Alaves,Osasuna,HOME,0.3291139023039612,3.34,0.09924043369523039,0.010602610437524616,10.602610437524616,1-1
2024-10-19,Premier League,Bournemouth,Arsenal,AWAY,0.6244578036058941,1.76,0.09904573434637354,0.03258083366657026,32.580833666570264,2-0
2025-03-09,Ligue 1,Nantes,Strasbourg,AWAY,0.4411952529180559,2.49,0.09857617976595923,0.016539627477509936,16.539627477509935,0-1
2025-04-06,La Liga,Valladolid,Getafe,AWAY,0.5381229206954629,2.04,0.09777075821874415,0.023502586110275062,23.50258611027506,0-4
2025-04-13,Bundesliga,Ein Frankfurt,Heidenheim,HOME,0.6237153989190132,1.76,0.09773910209746317,0.03215102042679709,32.151020426797096,3-0
2024-09-15,Premier League,Wolves,Newcastle,AWAY,0.5300612612914423,2.07,0.09722681087328544,0.022716544596562024,22.716544596562024,1-2
2025-01-31,Bundesliga,Werder Bremen,Mainz,AWAY,0.3504630320264325,3.13,0.09694929024273358,0.011379024676377181,11.379024676377181,1-0
2025-03-07,Ligue 1,Toulouse,Monaco,HOME,0.3324037568122699,3.3,0.09693239748049076,0.01053613016092291,10.53613016092291,1-1
2025-04-06,Serie A,Empoli,Cagliari,AWAY,0.35964529159032577,3.05,0.09691813935049343,0.011819285286645555,11.819285286645554,0-0
2025-01-25,Serie A,Empoli,Bologna,AWAY,0.5148413861162725,2.13,0.09661215242766041,0.021374370006119563,21.374370006119563,1-1
2024-11-03,Serie A,Napoli,Atalanta,AWAY,0.31868791008741204,3.44,0.09628641070069732,0.009865410932448507,9.865410932448507,0-3
2024-11-10,Premier League,Nott'm Forest,Newcastle,HOME,0.3900662966265903,2.81,0.09608629352071874,0.013271587502861719,13.271587502861719,1-3
2025-04-05,Bundesliga,Heidenheim,Leverkusen,AWAY,0.7210906463053952,1.52,0.09605778238420082,0.04618162614625034,46.181626146250345,0-1
2025-04-13,Ligue 1,St Etienne,Brest,AWAY,0.5425182412827335,2.02,0.09588684739112163,0.023501678282137683,23.501678282137682,3-3
2025-03-16,Ligue 1,Strasbourg,Toulouse,HOME,0.4163791080761575,2.63,0.09507705424029433,0.014582370282253716,14.582370282253716,2-1
2025-02-01,Bundesliga,Bochum,Freiburg,AWAY,0.3995374826932432,2.74,0.0947327025794864,0.01361102048555839,13.61102048555839,0-1
2025-01-11,Ligue 1,Rennes,Marseille,AWAY,0.4616045046538933,2.37,0.09400267602972723,0.017153772998125386,17.153772998125387,1-2
2025-03-29,Bundesliga,Holstein Kiel,Werder Bremen,HOME,0.34397582226015555,3.18,0.09384311478729468,0.010761825090286087,10.761825090286086,0-3
2024-12-21,La Liga,Barcelona,Ath Madrid,HOME,0.533307042259777,2.05,0.09327943663254268,0.022209389674414926,22.209389674414926,1-2
2024-09-14,Serie A,Como,Bologna,AWAY,0.4076913187023071,2.68,0.09261273412218318,0.013781656863420115,13.781656863420114,2-2
2025-01-26,Ligue 1,Nice,Marseille,HOME,0.3972352544715797,2.75,0.09239694979684421,0.01319956425669203,13.19956425669203,2-0
2024-11-09,Bundesliga,RB Leipzig,M'gladbach,HOME,0.6579456545901199,1.66,0.09218978661959887,0.034920373719545074,34.920373719545076,0-0
2025-02-02,Bundesliga,Ein Frankfurt,Wolfsburg,HOME,0.5174808394861042,2.11,0.09188457131567995,0.020694723269297263,20.694723269297263,1-1
2025-04-14,Serie A,Napoli,Empoli,HOME,0.7580704012546289,1.44,0.09162137780666546,0.05,50.0,3-0
2024-09-28,Premier League,Brentford,West Ham,HOME,0.48294892951672314,2.26,0.09146458070779429,0.01814773426741948,18.14773426741948,1-1
2025-04-26,Ligue 1,Strasbourg,St Etienne,HOME,0.6994161141645991,1.56,0.09108913809677466,0.040664793793202994,40.664793793202996,3-1
2025-03-30,Serie A,Inter,Udinese,HOME,0.7465937155917389,1.46,0.09002682476393886,0.04892762215431457,48.92762215431457,2-1
2025-03-14,Serie A,Genoa,Lecce,HOME,0.5214751813070552,2.09,0.08988312893174522,0.020615396543978263,20.615396543978264,2-1
2024-12-14,La Liga,Sevilla,Celta,HOME,0.4223747017962029,2.58,0.08972673063420356,0.014197267505411955,14.197267505411954,1-0
2024-08-25,Ligue 1,Nice,Toulouse,HOME,0.5044996603095524,2.16,0.08971926626863325,0.019336048764791645,19.336048764791645,1-1
2025-03-02,Serie A,Genoa,Empoli,HOME,0.5673610778126135,1.92,0.0893332694002178,0.02427534494571136,24.27534494571136,1-1
2024-12-02,Serie A,Roma,Atalanta,AWAY,0.5090225487250905,2.14,0.08930825427169364,0.01958514348063457,19.58514348063457,0-2
2024-12-07,Bundesliga,Ein Frankfurt,Augsburg,HOME,0.707077050370437,1.54,0.0888986575704731,0.041156785912256015,41.15678591225601,2-2
2024-12-01,La Liga,Vallecano,Ath Bilbao,AWAY,0.4372420059079859,2.49,0.08873259471088502,0.014888019246792786,14.888019246792787,1-2
2025-01-04,Premier League,Southampton,Brentford,AWAY,0.5039967411084187,2.16,0.08863296079418448,0.019101931205643227,19.101931205643226,0-5
2024-12-21,Premier League,West Ham,Brighton,HOME,0.3846280600556816,2.83,0.08849740995757904,0.012089810103494403,12.089810103494404,1-1
2024-12-13,Bundesliga,Freiburg,Wolfsburg,AWAY,0.33480555366161546,3.25,0.08811804940025025,0.009790894377805583,9.790894377805584,3-2
2024-12-13,Serie A,Empoli,Torino,HOME,0.4105889174999395,2.65,0.08806063137483955,0.013342519905278736,13.342519905278737,0-1
2024-11-10,La Liga,Mallorca,Ath Madrid,AWAY,0.44209716431052615,2.46,0.08755902420389439,0.014992983596557239,14.99298359655724,0-1
2024-12-26,Premier League,Southampton,West Ham,AWAY,0.4706559822030232,2.31,0.08721531888898348,0.016644144826141908,16.644144826141908,0-1
2025-02-02,Serie A,Milan,Inter,AWAY,0.5691546996055965,1.91,0.08708547624668928,0.0239245813864531,23.9245813864531,1-1
2025-05-17,Ligue 1,St Etienne,Toulouse,AWAY,0.38936182758109783,2.79,0.08631949895126301,0.012055795942913828,12.055795942913829,2-3
2025-01-25,La Liga,Ath Madrid,Villarreal,HOME,0.5321914834582542,2.04,0.08567062625483857,0.0205939005420285,20.5939005420285,1-1
2025-04-20,Bundesliga,St Pauli,Leverkusen,AWAY,0.6311276907483861,1.72,0.08553962808722426,0.029701259752508386,29.701259752508385,1-1
2025-05-10,Bundesliga,Union Berlin,Heidenheim,HOME,0.5144149546745628,2.11,0.08541555436332748,0.019237737469217878,19.237737469217876,0-3
2024-08-18,La Liga,Mallorca,Real Madrid,AWAY,0.7752752015642244,1.4,0.08538528218991392,0.05,50.0,1-1
2025-03-01,La Liga,Vallecano,Sevilla,HOME,0.40789527707759876,2.66,0.08500143702641272,0.012801421238917577,12.801421238917577,1-1
2024-11-30,Premier League,Crystal Palace,Newcastle,HOME,0.3287865232646778,3.3,0.08499552677343658,0.009238644214503988,9.238644214503989,1-1
2025-03-01,Bundesliga,Heidenheim,M'gladbach,AWAY,0.40174761791516866,2.7,0.08471856837095548,0.012458612995728747,12.458612995728746,0-3
2025-05-03,Premier League,Arsenal,Bournemouth,HOME,0.6450649840974811,1.68,0.08370917328376826,0.030775431354326567,30.775431354326567,1-2
2025-02-01,Premier League,Everton,Leicester,HOME,0.5527801533134211,1.96,0.08344910049430543,0.021731536587058706,21.731536587058706,4-0
2024-09-14,La Liga,Espanol,Alaves,HOME,0.3597692861521754,3.01,0.08290555131804789,0.01031163573607561,10.31163573607561,3-2
2025-02-09,Ligue 1,Auxerre,Toulouse,HOME,0.36215652180134017,2.99,0.08284800018600724,0.010408040224372753,10.408040224372753,2-2
2025-04-12,Premier League,Arsenal,Brentford,HOME,0.6681988818803191,1.62,0.0824821886461169,0.03325894703472457,33.25894703472457,1-1
2025-01-18,Ligue 1,Lens,Paris SG,AWAY,0.5608558734628657,1.93,0.08245183578333082,0.022164471984766322,22.164471984766323,1-2
2025-04-05,Premier League,Everton,Arsenal,AWAY,0.515225485287728,2.1,0.08197351910422901,0.018630345250961113,18.630345250961113,1-1
2025-02-22,La Liga,Vallecano,Villarreal,AWAY,0.4020063075286944,2.69,0.08139696725218792,0.012040971487010032,12.040971487010033,0-1
2025-03-01,La Liga,Betis,Real Madrid,AWAY,0.5433990282313437,1.99,0.08136406618037384,0.020546481358680292,20.546481358680293,2-1
2024-08-31,Ligue 1,Toulouse,Marseille,HOME,0.3421722946758161,3.16,0.0812644511755789,0.009405607774951273,9.405607774951273,1-3
2024-11-23,Bundesliga,Ein Frankfurt,Werder Bremen,HOME,0.6040527363038073,1.79,0.08125439798381517,0.02571341708348578,25.71341708348578,1-0
2025-05-10,Ligue 1,Reims,St Etienne,HOME,0.48469455561177055,2.23,0.08086885901424834,0.016436759962245598,16.4367599622456,0-2
2025-01-26,Ligue 1,Le Havre,Brest,AWAY,0.4677244450901472,2.31,0.08044346815824,0.0153518069004275,15.351806900427501,0-1
2025-05-15,La Liga,Vallecano,Betis,AWAY,0.46169914657340777,2.34,0.08037600298177416,0.014995522944360832,14.995522944360832,2-2
2024-08-16,Ligue 1,Le Havre,Paris SG,AWAY,0.7554917875184823,1.43,0.08035325615142974,0.046717009390366104,46.7170093903661,1-4
2025-03-16,La Liga,Ath Madrid,Barcelona,HOME,0.3473426477653711,3.11,0.08023563455030414,0.00950659177136305,9.50659177136305,2-4
2025-01-25,Ligue 1,Strasbourg,Lille,AWAY,0.41852795166265955,2.58,0.07980211528966175,0.012626916976212283,12.626916976212284,2-1
2025-05-10,Ligue 1,Angers,Strasbourg,AWAY,0.5894767664778634,1.83,0.07874248265449002,0.023717615257376527,23.717615257376526,2-1
2024-11-10,Serie A,Inter,Napoli,HOME,0.5894334125516307,1.83,0.07866314496948434,0.023693718364302493,23.693718364302494,1-1
2025-01-18,Premier League,Arsenal,Aston Villa,HOME,0.686977824535799,1.57,0.07855518452120447,0.03445402829877391,34.45402829877391,2-2
2025-05-15,La Liga,Osasuna,Ath Madrid,AWAY,0.49679830944192493,2.17,0.07805233148897717,0.01667784860875578,16.67784860875578,2-0
2025-04-02,Premier League,Brighton,Aston Villa,HOME,0.4528728023750106,2.38,0.07783726965252513,0.014100954647196583,14.100954647196584,0-3
2025-03-09,Serie A,Juventus,Atalanta,HOME,0.39473812183724216,2.73,0.07763507261567115,0.011218941129432232,11.218941129432231,0-4
2024-09-15,Serie A,Torino,Lecce,HOME,0.5554694017667892,1.94,0.07761063942757085,0.020641127507332702,20.6411275073327,0-0
2024-09-20,Serie A,Verona,Torino,HOME,0.3665110392124368,2.94,0.07754245528456405,0.00999258444388712,9.99258444388712,2-3
2025-02-22,Serie A,Parma,Bologna,AWAY,0.6019704079790356,1.79,0.07752703028247376,0.024533870342554952,24.533870342554952,2-0
2025-03-30,Bundesliga,Freiburg,Union Berlin,HOME,0.5497129893773953,1.96,0.07743745917969491,0.02016600499471219,20.16600499471219,1-2
2025-01-26,Serie A,Udinese,Roma,AWAY,0.4240550439099011,2.54,0.07709981153114875,0.01251620317064105,12.51620317064105,1-2
2024-11-24,Serie A,Genoa,Cagliari,HOME,0.4223772127188048,2.55,0.07706189243295225,0.012429337489185831,12.429337489185832,2-2
2025-01-19,La Liga,Celta,Ath Bilbao,AWAY,0.46424909339531617,2.32,0.07705789667713336,0.014594298613093463,14.594298613093464,1-2
2024-09-01,Serie A,Fiorentina,Monza,HOME,0.5638424320989904,1.91,0.0769390453090717,0.021137100359635085,21.137100359635085,2-2
2025-05-17,Ligue 1,Strasbourg,Le Havre,HOME,0.6989330619562666,1.54,0.07635691541265066,0.03535042380215303,35.35042380215303,2-3
2025-04-18,Ligue 1,Rennes,Nantes,HOME,0.5724480234130985,1.88,0.07620228401662521,0.02164837614108671,21.648376141086707,2-1
2025-01-19,La Liga,Valencia,Sociedad,AWAY,0.3999928262610841,2.69,0.07598070264231627,0.011239748911585247,11.239748911585247,1-0
2025-03-08,Premier League,Crystal Palace,Ipswich,HOME,0.6852489580435166,1.57,0.07584086412832103,0.03326353689838644,33.26353689838644,1-0
2024-11-02,Ligue 1,Brest,Nice,HOME,0.3524466538201895,3.05,0.07496229415157796,0.00914174318921684,9.14174318921684,0-1
2025-01-18,Serie A,Atalanta,Napoli,HOME,0.4754322756723661,2.26,0.07447694301954733,0.01477717123403717,14.777171234037171,2-3
2024-10-21,Serie A,Verona,Monza,HOME,0.4458192533080066,2.41,0.07442440047229604,0.013195815686577291,13.19581568657729,0-3
2025-01-15,Serie A,Inter,Bologna,HOME,0.7068061383057367,1.52,0.07434533022471967,0.03574294722342297,35.74294722342297,2-2
2025-04-25,Bundesliga,Stuttgart,Heidenheim,HOME,0.7114521827609674,1.51,0.07429279596906091,0.03641803723973571,36.41803723973571,0-1
2024-10-05,Ligue 1,Lille,Toulouse,HOME,0.600117438162303,1.79,0.07421021431052233,0.023484245034975437,23.484245034975437,2-1
2025-03-08,Bundesliga,Freiburg,RB Leipzig,AWAY,0.36536697998461193,2.94,0.07417892115475899,0.009559139324066894,9.559139324066894,0-0
2025-01-26,Bundesliga,Hoffenheim,Ein Frankfurt,AWAY,0.5139525146237355,2.09,0.07416075556360702,0.017009347606331913,17.009347606331914,2-2
2024-10-26,Bundesliga,RB Leipzig,Freiburg,HOME,0.5869118320125335,1.83,0.07404865258293625,0.022303811018956732,22.303811018956733,3-1
2025-05-10,Serie A,Lazio,Juventus,AWAY,0.30938753096657695,3.47,0.07357473245402213,0.007446835268625721,7.446835268625721,1-1
2025-04-13,Serie A,Verona,Genoa,AWAY,0.36513633562658754,2.94,0.07350082674216729,0.009471756023475166,9.471756023475166,0-0
2024-10-06,Serie A,Juventus,Cagliari,HOME,0.70601166924528,1.52,0.07313773725282569,0.03516237367924309,35.16237367924309,1-1
2024-09-28,Bundesliga,Wolfsburg,Stuttgart,AWAY,0.5285966761795985,2.03,0.07305125264458479,0.01773088656421961,17.73088656421961,2-2
2025-03-09,Ligue 1,Reims,Auxerre,AWAY,0.36358156684694476,2.95,0.07256562219848717,0.00930328489724193,9.30328489724193,0-2
2025-05-03,Serie A,Cagliari,Udinese,HOME,0.41086088255337877,2.61,0.07234690346431849,0.011233991221167486,11.233991221167486,1-2
2024-10-30,Serie A,Juventus,Parma,HOME,0.7446543076160327,1.44,0.072302202967087,0.04108079714039035,41.080797140390345,2-2
2024-11-02,Bundesliga,Ein Frankfurt,Bochum,HOME,0.7344387890359096,1.46,0.07228063199242807,0.039282952169797866,39.282952169797866,7-2
2025-04-07,La Liga,Leganes,Osasuna,AWAY,0.35381820844286355,3.03,0.07206917158187642,0.008875513741610412,8.875513741610412,1-1
2024-12-08,Ligue 1,Nantes,Rennes,HOME,0.3238001299510565,3.31,0.07177843013799712,0.007768228369913096,7.768228369913096,1-0
2025-03-09,Premier League,Man United,Arsenal,AWAY,0.602046952075493,1.78,0.07164357469437754,0.02296268419691586,22.96268419691586,1-1
2025-04-05,Serie A,Parma,Inter,AWAY,0.7240777639969175,1.48,0.07163509071543794,0.037309943080957204,37.309943080957204,2-2
2024-11-24,Serie A,Como,Fiorentina,AWAY,0.5467187378953302,1.96,0.07156872627484723,0.0186376891340748,18.637689134074797,0-2
2025-02-08,La Liga,Real Madrid,Ath Madrid,HOME,0.541167709369589,1.98,0.07151206455178616,0.01824287361014956,18.24287361014956,1-1
2025-03-15,Premier League,Man City,Brighton,HOME,0.5852214315825289,1.83,0.07095521979602792,0.02137205415543011,21.37205415543011,2-2
2024-12-29,Premier League,Tottenham,Wolves,HOME,0.6371208920685786,1.68,0.07036309867521195,0.025868786277651455,25.868786277651456,2-2
2025-03-16,La Liga,Vallecano,Sociedad,HOME,0.44042657333624935,2.43,0.07023657320708598,0.012279121190049995,12.279121190049995,2-2
2025-03-08,Ligue 1,Lille,Montpellier,HOME,0.7533856298995368,1.42,0.06980759445734219,0.04155213955794182,41.55213955794182,1-0
2025-01-15,Bundesliga,Werder Bremen,Heidenheim,HOME,0.6076740169373042,1.76,0.06950626980965535,0.022863904542649787,22.863904542649788,3-3
2024-11-10,Premier League,Chelsea,Arsenal,HOME,0.3564651055595172,3.0,0.0693953166785517,0.008674414584818949,8.67441458481895,1-1
2025-04-07,Serie A,Bologna,Napoli,HOME,0.4032308727945135,2.65,0.0685618129054606,0.01038815347052435,10.38815347052435,1-1
2024-09-29,Ligue 1,Strasbourg,Marseille,AWAY,0.47253643021585906,2.26,0.06793233228784135,0.013478637358698682,13.478637358698682,1-0
2025-05-04,Ligue 1,Nantes,Angers,HOME,0.5312186837371615,2.01,0.0677495543116946,0.016769691661310548,16.76969166131055,0-1
2025-02-15,Premier League,Southampton,Bournemouth,AWAY,0.7071165066355818,1.51,0.06774592501972854,0.033208786774376706,33.208786774376705,1-3
2025-02-02,Serie A,Fiorentina,Genoa,HOME,0.5589539315057563,1.91,0.06760200917599457,0.018571980542855655,18.571980542855655,2-1
2025-03-09,Ligue 1,Le Havre,St Etienne,HOME,0.4304280151866726,2.48,0.06746147766294808,0.011395519875497986,11.395519875497987,1-1
2024-08-31,Ligue 1,Brest,St Etienne,HOME,0.6062968044248805,1.76,0.06708237578778986,0.022066570982825575,22.066570982825574,4-0
2024-09-28,Premier League,Chelsea,Brighton,HOME,0.5894138544323484,1.81,0.06683907652255061,0.020629344605725495,20.629344605725496,4-2
2025-01-14,Serie A,Atalanta,Juventus,HOME,0.4981601223234022,2.14,0.06606266177208076,0.01448742582721069,14.487425827210691,1-1
2024-11-10,Serie A,Fiorentina,Verona,HOME,0.7059311656547977,1.51,0.06595606013874455,0.03233140202879638,32.331402028796376,3-1
2025-02-23,Serie A,Verona,Fiorentina,AWAY,0.5075172684934279,2.1,0.06578626383619879,0.014951423599136062,14.951423599136062,1-0
2024-11-03,Premier League,Man United,Chelsea,AWAY,0.4114448848218711,2.59,0.06564225168864612,0.010321108756076417,10.321108756076418,1-1
2025-01-04,Serie A,Verona,Udinese,HOME,0.3393739109042678,3.14,0.06563408023940087,0.007667532738247752,7.667532738247752,0-0
2025-02-01,Premier League,Wolves,Aston Villa,AWAY,0.46707864297007307,2.28,0.06493930597176645,0.012683458197610636,12.683458197610635,2-0
2024-11-23,Ligue 1,Lens,Marseille,AWAY,0.32566103370491645,3.27,0.06491158021507681,0.007148852446594351,7.148852446594351,1-3
2025-04-06,Serie A,Lecce,Venezia,HOME,0.4344900567177481,2.45,0.06450063895848301,0.011120799820428085,11.120799820428086,1-1
2024-12-08,Bundesliga,Hoffenheim,Freiburg,AWAY,0.3466740456208317,3.07,0.06428932005595334,0.007764410634776973,7.764410634776973,1-1
2025-01-18,La Liga,Girona,Sevilla,HOME,0.5543095310676988,1.92,0.06427429964998166,0.01746584229619064,17.46584229619064,1-2
2024-12-18,La Liga,Espanol,Valencia,AWAY,0.3156004834375011,3.37,0.0635736291843787,0.006706079027888037,6.706079027888037,1-1
2024-08-24,La Liga,Osasuna,Mallorca,HOME,0.43757148102059656,2.43,0.06329869888004969,0.011066206097910803,11.066206097910802,1-0
2025-04-12,Bundesliga,M'gladbach,Freiburg,HOME,0.46428362777514764,2.29,0.06320950760508803,0.012249904574629485,12.249904574629486,1-2
2024-08-31,Premier League,Brentford,Southampton,HOME,0.5841504530769921,1.82,0.06315382460012575,0.019254214817111474,19.254214817111475,3-1
2025-01-05,Serie A,Lecce,Genoa,HOME,0.3491743519106804,3.04,0.061490029808468405,0.007535542868684867,7.535542868684868,0-0
2025-02-23,Serie A,Cagliari,Juventus,AWAY,0.5737537848057963,1.85,0.06144450189072326,0.01807191232080094,18.07191232080094,0-1
2025-01-04,Ligue 1,Lille,Nantes,HOME,0.6980172577291552,1.52,0.06098623174831608,0.029320303725151906,29.320303725151906,1-1
2025-03-02,La Liga,Osasuna,Valencia,HOME,0.47557277087820987,2.23,0.060527279058407935,0.012302292491546329,12.302292491546329,3-3
2024-09-14,Bundesliga,Wolfsburg,Ein Frankfurt,HOME,0.37596031068719205,2.82,0.060208076137881594,0.008270340128829875,8.270340128829876,1-2
2024-09-01,Serie A,Genoa,Verona,HOME,0.49527349864943965,2.14,0.05988528710980101,0.013132738401272126,13.132738401272126,0-2
2024-09-01,La Liga,Osasuna,Celta,AWAY,0.34297462224756825,3.09,0.05979158274498575,0.007152103199160989,7.1521031991609885,3-2
2024-12-13,La Liga,Valladolid,Valencia,HOME,0.316335747419736,3.35,0.05972475385611564,0.006353697218735718,6.353697218735718,1-0
2025-04-06,Ligue 1,Montpellier,Le Havre,AWAY,0.3690440574855006,2.87,0.05915644498338679,0.007908615639490212,7.908615639490211,0-2
2024-09-29,Premier League,Man United,Tottenham,AWAY,0.32388811546730356,3.27,0.05911413757808259,0.006510367574678712,6.510367574678712,0-3
2025-04-06,La Liga,Las Palmas,Sociedad,HOME,0.3189801135657415,3.32,0.05901397703826183,0.006359264767054077,6.359264767054078,1-3
2025-04-26,Premier League,Southampton,Fulham,AWAY,0.6302638091768604,1.68,0.05884319941712546,0.021633529197472596,21.633529197472598,1-2
2024-10-27,Serie A,Parma,Empoli,DRAW,0.30411100988288636,3.48,0.05830631439244449,0.005877652660528678,5.877652660528678,1-1
2024-09-01,La Liga,Getafe,Sociedad,HOME,0.3317069505923157,3.19,0.05814517238948702,0.006637576756790756,6.637576756790756,0-0
2025-02-27,Premier League,West Ham,Leicester,HOME,0.5910618895925521,1.79,0.0580007823706683,0.01835467796540136,18.354677965401358,2-0
2025-04-04,Serie A,Genoa,Udinese,HOME,0.431770658757563,2.45,0.057838113956029336,0.009972088613108505,9.972088613108506,1-0
2025-03-16,Premier League,Arsenal,Chelsea,HOME,0.6112931366605103,1.73,0.05753712642268294,0.019704495350233865,19.704495350233866,1-0
2025-05-03,Ligue 1,Toulouse,Rennes,AWAY,0.3054866825962974,3.46,0.05698392178318912,0.0057910489617062,5.7910489617062,2-1
2025-05-04,Serie A,Bologna,Juventus,HOME,0.43442540020586706,2.43,0.05565372250025713,0.009729671765779197,9.729671765779198,1-1
2025-04-19,Serie A,Lecce,Como,DRAW,0.3049854764140837,3.46,0.05524974839272945,0.005614811828529426,5.614811828529427,0-3
2025-03-16,Bundesliga,Stuttgart,Leverkusen,AWAY,0.4627376942109768,2.28,0.055041942801027144,0.010750379453325616,10.750379453325616,3-4
2025-03-29,Bundesliga,Hoffenheim,Augsburg,DRAW,0.3075660607873179,3.43,0.054951588500500526,0.005653455607047367,5.653455607047367,1-1
2025-03-15,Serie A,Monza,Parma,DRAW,0.3048435648829383,3.46,0.05475873449496649,0.005564912042171391,5.564912042171391,1-1
2025-03-02,La Liga,Leganes,Getafe,AWAY,0.3624436528398273,2.91,0.05471102976389752,0.007161129550248381,7.161129550248381,1-0
2025-04-19,Bundesliga,RB Leipzig,Holstein Kiel,HOME,0.7124928875940553,1.48,0.05448947363920187,0.02837993418708425,28.37993418708425,1-1
2025-01-19,Bundesliga,Werder Bremen,Augsburg,HOME,0.5519183141117202,1.91,0.05416397995338551,0.014880214272908109,14.880214272908109,0-2
2025-04-19,Premier League,Crystal Palace,Bournemouth,HOME,0.40677900107938186,2.59,0.05355761279559901,0.008421008301194813,8.421008301194814,0-0
2025-04-12,Bundesliga,Holstein Kiel,St Pauli,DRAW,0.3009888117859422,3.5,0.05346084125079775,0.005346084125079786,5.346084125079786,1-2
2024-08-29,La Liga,Girona,Osasuna,HOME,0.62699535331876,1.68,0.05335219357551679,0.01961477704982233,19.61477704982233,4-0
2025-02-21,Serie A,Lecce,Udinese,HOME,0.3487786146138457,3.02,0.05331141613381396,0.006597947541313609,6.5979475413136095,0-1
2024-08-24,Bundesliga,Mainz,Union Berlin,HOME,0.5013560226853442,2.1,0.05284764763922278,0.012010829008914268,12.010829008914268,1-1
2025-01-18,Serie A,Bologna,Monza,HOME,0.6619069333174287,1.59,0.052432023974711583,0.02221695931131849,22.21695931131849,3-1
2025-04-20,Bundesliga,Augsburg,Ein Frankfurt,DRAW,0.30398162003793316,3.46,0.05177640533124883,0.005261829810086252,5.261829810086253,0-0
2025-04-19,Serie A,Roma,Verona,HOME,0.6572812380874921,1.6,0.051649980939987294,0.02152082539166139,21.52082539166139,1-0
2025-05-18,La Liga,Celta,Vallecano,HOME,0.5447150683068951,1.93,0.0513000818323075,0.013790344578577285,13.790344578577285,1-2
2024-09-20,Serie A,Cagliari,Empoli,DRAW,0.31271349470737003,3.36,0.05071734221676327,0.005372599811097793,5.372599811097793,0-2
2024-12-02,La Liga,Sevilla,Osasuna,DRAW,0.3027319701380755,3.47,0.05047993637912218,0.005109305301530574,5.109305301530574,1-1
2025-01-25,Premier League,Southampton,Newcastle,AWAY,0.7144965786066944,1.47,0.05030997055184061,0.026760622633957804,26.760622633957805,1-3
2025-04-13,La Liga,Alaves,Real Madrid,AWAY,0.6105732651168215,1.72,0.05018601600093309,0.01742570000032397,17.425700000323967,0-1
2025-05-02,Bundesliga,Heidenheim,Bochum,HOME,0.4356185791887348,2.41,0.049840775844850915,0.008837016993767892,8.837016993767893,0-0
2024-12-01,Serie A,Parma,Lazio,AWAY,0.5963471308220352,1.76,0.04957095024678182,0.016306233633809827,16.30623363380983,3-1
2024-09-29,La Liga,Celta,Girona,AWAY,0.36694992486783706,2.86,0.04947678512201392,0.006650105527152409,6.65010552715241,1-1
2025-04-06,La Liga,Sevilla,Ath Madrid,AWAY,0.4684660516564501,2.24,0.04936395571044838,0.0099524104254936,9.9524104254936,1-2
2025-05-23,La Liga,Betis,Valencia,HOME,0.5406989380712982,1.94,0.04895593985831859,0.013020196770829382,13.020196770829383,1-1
2024-09-14,Premier League,Fulham,West Ham,HOME,0.4444146137839045,2.36,0.04881848853001469,0.008973986862135033,8.973986862135034,1-1
2024-08-24,Serie A,Parma,Milan,AWAY,0.647323269925844,1.62,0.0486636972798673,0.019622458580591674,19.622458580591676,2-1
2025-05-03,Serie A,Parma,Como,DRAW,0.3120719870531941,3.36,0.048561876498732115,0.0051442665782555205,5.144266578255521,0-1
2024-09-22,Serie A,Monza,Bologna,HOME,0.31580615375498167,3.32,0.048476430466539044,0.005223753283032225,5.223753283032225,1-2
2025-01-18,Premier League,West Ham,Crystal Palace,HOME,0.36645154339295904,2.86,0.04805141410386282,0.006458523401056832,6.458523401056832,0-2
2025-04-27,Serie A,Inter,Roma,HOME,0.5920952021754748,1.77,0.04800850785059052,0.015587177873568333,15.587177873568333,0-1
2025-03-08,Serie A,Parma,Torino,AWAY,0.46573990681272737,2.25,0.04791479032863655,0.00958295806572731,9.58295806572731,2-2
2025-04-05,La Liga,Girona,Alaves,HOME,0.5013777174908935,2.09,0.04787942955596747,0.010981520540359512,10.981520540359512,0-1
2025-03-09,Ligue 1,Nice,Lyon,HOME,0.48510211353738997,2.16,0.04782056524076239,0.010306156301888445,10.306156301888445,0-2
2025-05-03,Bundesliga,Union Berlin,Werder Bremen,DRAW,0.30012662706559806,3.49,0.047441928458937355,0.004763245829210566,4.7632458292105655,2-2
2024-11-23,La Liga,Girona,Espanol,HOME,0.5850437760434615,1.79,0.04722835911779599,0.014945683265125331,14.94568326512533,4-1
2025-02-16,Ligue 1,Rennes,Lille,AWAY,0.40743035459686344,2.57,0.047096011313938924,0.007499364858907473,7.499364858907472,0-2
2025-03-07,Bundesliga,M'gladbach,Mainz,DRAW,0.2991058725612431,3.5,0.0468705539643508,0.004687055396435091,4.687055396435091,1-3
2024-11-30,Premier League,Wolves,Bournemouth,HOME,0.38065844404288746,2.75,0.04681072111794049,0.006687245873991514,6.687245873991515,2-4
2025-04-20,Premier League,Man United,Wolves,DRAW,0.29904106497702004,3.5,0.046643727419570125,0.0046643727419570236,4.664372741957024,0-1
2024-12-23,Serie A,Fiorentina,Udinese,HOME,0.6541430379925939,1.6,0.046628860788150206,0.019428691995062607,19.428691995062607,1-2
2025-05-04,Bundesliga,Augsburg,Holstein Kiel,HOME,0.5845447466952274,1.79,0.046335096584457114,0.014663005248245887,14.663005248245888,1-3
2025-04-13,La Liga,Betis,Villarreal,AWAY,0.3006695051670521,3.48,0.04632987798134125,0.004670350602957787,4.670350602957787,1-2
2025-03-29,Bundesliga,Wolfsburg,Heidenheim,HOME,0.608204313183524,1.72,0.046111418675661264,0.016010909262382366,16.010909262382366,0-1
2025-01-19,Serie A,Parma,Venezia,DRAW,0.30049731433143406,3.48,0.04573065387339059,0.004609944946914363,4.609944946914363,1-1
2025-02-09,Serie A,Napoli,Udinese,HOME,0.7159023005221898,1.46,0.045217358762397186,0.02457465150130279,24.57465150130279,1-1
2024-12-21,Bundesliga,Hoffenheim,M'gladbach,AWAY,0.3328362091568596,3.14,0.04510569675253917,0.005269357097259236,5.269357097259236,1-2
2025-01-11,Ligue 1,Reims,Nice,AWAY,0.4003545292346547,2.61,0.04492532130244875,0.006975981568703205,6.975981568703205,2-4
2024-09-29,Bundesliga,Hoffenheim,Werder Bremen,HOME,0.4559828071520289,2.29,0.0442006283781462,0.00856601325157872,8.56601325157872,3-4
2025-03-01,Serie A,Udinese,Parma,HOME,0.5641845297389618,1.85,0.04374138001707939,0.012865111769729248,12.865111769729248,1-0
2025-01-11,Bundesliga,St Pauli,Ein Frankfurt,AWAY,0.4787474086968354,2.18,0.043669350959101294,0.009251981135402815,9.251981135402815,0-1
2024-12-01,Ligue 1,Marseille,Monaco,HOME,0.3937350512275776,2.65,0.04339788575308057,0.006575437235315254,6.575437235315254,2-1
2025-02-22,Ligue 1,St Etienne,Angers,DRAW,0.3068021641759775,3.4,0.04312735819832336,0.004492433145658696,4.492433145658696,3-3
2025-05-18,La Liga,Las Palmas,Leganes,DRAW,0.3023124051912963,3.45,0.04297779790997236,0.004385489582650241,4.385489582650241,0-1
2024-11-25,Serie A,Venezia,Lecce,DRAW,0.30570243618486936,3.41,0.04244530739040453,0.004403040185726611,4.403040185726611,0-1
2025-03-14,La Liga,Las Palmas,Alaves,HOME,0.3592801477769596,2.9,0.04191242855318289,0.0055147932306819445,5.514793230681945,2-2
2025-04-26,Premier League,Wolves,Leicester,HOME,0.6718610479912861,1.55,0.041384624386493485,0.018811192902951582,18.811192902951582,3-0
2024-10-26,Ligue 1,Angers,St Etienne,DRAW,0.3062782222920939,3.4,0.04134595579311928,0.004306870395116581,4.306870395116581,4-2
2025-01-17,La Liga,Espanol,Valladolid,DRAW,0.3026030509880178,3.44,0.040954495398781265,0.0041961573154489,4.1961573154489,2-1
2025-02-16,Bundesliga,Heidenheim,Mainz,AWAY,0.49545818314546386,2.1,0.04046218460547424,0.009195951046698665,9.195951046698665,0-2
2024-08-24,Bundesliga,Augsburg,Werder Bremen,AWAY,0.37549892924344064,2.77,0.04013203400433052,0.005668366384792446,5.668366384792447,2-2
2024-12-15,Serie A,Parma,Verona,HOME,0.48599476228479993,2.14,0.0400287912894719,0.00877824370383158,8.77824370383158,2-3
2025-04-12,La Liga,Getafe,Las Palmas,HOME,0.6081913358373061,1.71,0.040007184281793506,0.014087036718941357,14.087036718941357,1-3
2025-01-11,Serie A,Empoli,Lecce,HOME,0.5022737271360421,2.07,0.03970661517160723,0.009277246535422225,9.277246535422226,1-3
2025-01-26,Premier League,Tottenham,Leicester,HOME,0.6885057532688403,1.51,0.03964368743594893,0.01943318011566124,19.433180115661237,1-2
2025-05-03,La Liga,Las Palmas,Valencia,AWAY,0.35115823306503285,2.96,0.039428369872497315,0.0050291288102675144,5.0291288102675145,2-3
2025-05-17,Bundesliga,Freiburg,Ein Frankfurt,AWAY,0.3487905947428397,2.98,0.03939597233366232,0.004974238931017956,4.974238931017956,1-3
2025-03-08,Bundesliga,Wolfsburg,St Pauli,HOME,0.5617752644837449,1.85,0.03928423929492819,0.011554188027920055,11.554188027920056,1-1
2024-08-25,Bundesliga,Wolfsburg,Bayern Munich,AWAY,0.6836476697867196,1.52,0.03914445807581379,0.018819450997987427,18.819450997987428,2-3
2024-08-17,Premier League,Everton,Brighton,DRAW,0.3047322005900217,3.41,0.03913680401197417,0.004059834441076147,4.059834441076147,0-3
2025-05-18,Premier League,Everton,Southampton,HOME,0.7266222704599165,1.43,0.03906984675768044,0.022715027184697964,22.715027184697963,2-0
2024-09-01,Ligue 1,Angers,Nice,AWAY,0.5300999296147444,1.96,0.03899586204489891,0.010155172407525788,10.155172407525788,1-4
2024-10-29,Serie A,Cagliari,Bologna,AWAY,0.44390479946232203,2.34,0.03873723074183344,0.007227095287655493,7.2270952876554935,0-2
2025-01-11,Serie A,Torino,Juventus,AWAY,0.4946261970260514,2.1,0.03871501375470787,0.008798866762433607,8.798866762433606,1-1
2025-01-25,Bundesliga,RB Leipzig,Leverkusen,AWAY,0.4876289262886941,2.13,0.038649612994918314,0.008550799335158945,8.550799335158946,2-2
2025-02-09,La Liga,Valencia,Leganes,DRAW,0.30362034252519216,3.42,0.03838157143615706,0.0039650383715038396,3.9650383715038395,2-0
2025-02-15,Ligue 1,Monaco,Nantes,HOME,0.6829164485906873,1.52,0.03803300185784475,0.018285097047040746,18.285097047040747,7-1
2025-03-29,Serie A,Como,Empoli,HOME,0.5668647840084096,1.83,0.03736255473538952,0.011253781546804072,11.253781546804072,1-1
2025-01-31,Serie A,Parma,Lecce,HOME,0.4083757742761535,2.54,0.03727446666142997,0.006051049782699671,6.051049782699671,1-3
2024-12-01,Ligue 1,Montpellier,Lille,AWAY,0.551603909142831,1.88,0.03701534918852212,0.01051572420128471,10.51572420128471,2-2
2024-09-28,Premier League,Nott'm Forest,Fulham,HOME,0.3913182906665964,2.65,0.03699347026648048,0.005605071252497042,5.605071252497042,0-1
2024-11-10,Ligue 1,Rennes,Toulouse,HOME,0.4412374974668532,2.35,0.036908119047105004,0.0068348368605750005,6.834836860575001,0-2
2025-04-06,Premier League,Brentford,Chelsea,HOME,0.35268566190460005,2.94,0.03689584599952411,0.0047546193298355814,4.754619329835582,0-0
2025-04-01,Premier League,Wolves,West Ham,AWAY,0.31706072040733224,3.27,0.03678855573197648,0.004051603054182432,4.051603054182432,1-0
2024-12-07,Bundesliga,M'gladbach,Dortmund,HOME,0.30050575823461684,3.45,0.03674486590942805,0.003749476113206955,3.749476113206955,1-1
2025-02-15,Ligue 1,Toulouse,Paris SG,AWAY,0.6645523087388769,1.56,0.03670160163264802,0.016384643586003604,16.384643586003605,0-1
2024-08-17,Serie A,Genoa,Inter,AWAY,0.686554106832941,1.51,0.036696701317741054,0.01798857907732402,17.98857907732402,2-2
2024-11-30,Bundesliga,Union Berlin,Leverkusen,AWAY,0.5455394493346863,1.9,0.03652495373590403,0.010145820482195565,10.145820482195564,1-2
2024-12-14,Bundesliga,Union Berlin,Bochum,HOME,0.6206508338395764,1.67,0.03648689251209247,0.013614512131377831,13.61451213137783,0-2
2025-02-15,Bundesliga,St Pauli,Freiburg,HOME,0.4000515683462761,2.59,0.036133562016855025,0.005681377675606137,5.681377675606137,0-1
2024-12-08,Ligue 1,Strasbourg,Reims,AWAY,0.34996317949641065,2.96,0.03589101130937555,0.0045779351159917795,4.57793511599178,0-0
2025-05-03,Serie A,Parma,Como,HOME,0.3019345069427627,3.43,0.03563535881367619,0.0036661891783617362,3.666189178361736,0-1
2025-02-16,Bundesliga,Werder Bremen,Hoffenheim,HOME,0.5508082106467724,1.88,0.035519436015932104,0.010090748868162532,10.090748868162532,1-3
2025-04-24,La Liga,Osasuna,Sevilla,HOME,0.4387751708159517,2.36,0.03550940312564599,0.006527463809861396,6.527463809861396,1-0
2025-02-02,La Liga,Betis,Ath Bilbao,AWAY,0.4242946672972333,2.44,0.03527898820524933,0.0061248243411891005,6.1248243411891,2-2
2024-09-01,Serie A,Udinese,Como,HOME,0.4386496689940297,2.36,0.03521321882591,0.0064730181665275735,6.473018166527574,1-0
2024-09-21,Premier League,Aston Villa,Wolves,HOME,0.6197589609154304,1.67,0.034997464728768746,0.013058755495809215,13.058755495809216,3-1
2025-03-01,Bundesliga,Werder Bremen,Wolfsburg,HOME,0.3306698727141173,3.13,0.034996701595187085,0.004107594083942147,4.107594083942146,1-2
2024-12-14,Serie A,Cagliari,Atalanta,AWAY,0.6468727225614344,1.6,0.0349963560982951,0.014581815040956266,14.581815040956267,0-1
2024-11-10,La Liga,Valladolid,Ath Bilbao,AWAY,0.5361199361147151,1.93,0.03471147670140007,0.009331042124032277,9.331042124032278,1-1
2024-11-30,Ligue 1,Brest,Strasbourg,HOME,0.4857465035565223,2.13,0.03464005257539249,0.0076637284458832946,7.663728445883295,3-1
2025-04-12,Premier League,Nott'm Forest,Everton,HOME,0.5198973096259851,1.99,0.034595646155710424,0.008736274281745057,8.736274281745057,0-1
2025-04-20,Serie A,Bologna,Inter,AWAY,0.4440177964342409,2.33,0.0345614656917812,0.00649651610747769,6.49651610747769,1-0
2025-04-27,Ligue 1,Nantes,Toulouse,AWAY,0.3918519512574241,2.64,0.03448915131959973,0.005257492579207276,5.257492579207276,0-0
2025-02-08,Bundesliga,M'gladbach,Ein Frankfurt,AWAY,0.38596743272153655,2.68,0.03439271969371793,0.005117964240136613,5.1179642401366126,1-1
2024-10-21,Premier League,Nott'm Forest,Crystal Palace,AWAY,0.31427894163277414,3.29,0.033977717971827026,0.0037093578571863444,3.7093578571863444,1-0
2025-02-22,Premier League,Aston Villa,Chelsea,HOME,0.385798445933647,2.68,0.03393983510217402,0.005050570699728276,5.050570699728276,2-1
2024-12-22,La Liga,Las Palmas,Espanol,HOME,0.48765720695773096,2.12,0.03383327875038966,0.007552071149640549,7.552071149640549,1-0
2025-03-02,La Liga,Leganes,Getafe,HOME,0.3271576060495166,3.16,0.03381803511647252,0.003914124434776912,3.914124434776912,1-0
2025-03-10,Premier League,West Ham,Newcastle,AWAY,0.4656161574186966,2.22,0.033667869469506506,0.006899153579816906,6.899153579816907,0-1
2025-01-27,Serie A,Venezia,Verona,DRAW,0.3013336493966214,3.43,0.03357441743041134,0.0034541581718530298,3.4541581718530296,1-1
2025-05-18,Premier League,Brentford,Fulham,HOME,0.49926170734539826,2.07,0.0334717342049744,0.007820498646022031,7.820498646022031,2-3
2025-03-01,Ligue 1,St Etienne,Nice,AWAY,0.614770359234655,1.68,0.032814203514220264,0.012064045409639804,12.064045409639803,1-3
2025-04-06,Serie A,Roma,Juventus,HOME,0.41135037473829916,2.51,0.03248944059313086,0.005379046455816368,5.379046455816368,1-1
2024-10-31,Serie A,Como,Lazio,AWAY,0.40963453283916224,2.52,0.032279022754688746,0.00530904979517907,5.30904979517907,1-5
2025-05-18,Premier League,Leicester,Ipswich,AWAY,0.3318429217475178,3.11,0.03203148663478017,0.0037951998382441095,3.7951998382441094,2-0
2024-08-31,Premier League,Everton,Bournemouth,DRAW,0.29911823832358536,3.45,0.031957922216369505,0.0032610124710581124,3.2610124710581125,2-3
2024-09-15,Ligue 1,Strasbourg,Angers,HOME,0.6291120830312377,1.64,0.03174381617122979,0.012399928191886617,12.399928191886618,1-1
2025-02-02,Ligue 1,Toulouse,Nice,AWAY,0.4211094681453188,2.45,0.031718196956031175,0.005468654647591581,5.468654647591581,1-1
2025-04-19,Bundesliga,Mainz,Wolfsburg,HOME,0.5081662114186287,2.03,0.03157740917981622,0.0076644197038388895,7.66441970383889,2-2
2025-05-24,La Liga,Alaves,Osasuna,DRAW,0.3174079390428394,3.25,0.03157580188922804,0.003508422432136461,3.5084224321364608,1-1
2025-04-06,Bundesliga,Union Berlin,Wolfsburg,DRAW,0.3033708376921829,3.4,0.03146084815342198,0.003277171682648112,3.277171682648112,1-0
2025-02-08,Bundesliga,Mainz,Augsburg,HOME,0.5636372926017618,1.83,0.031456245461224164,0.009474772729284353,9.474772729284354,0-0
2025-01-26,La Liga,Sociedad,Getafe,HOME,0.526098283324637,1.96,0.031152635316288535,0.00811266544695014,8.11266544695014,0-3
2025-05-04,La Liga,Espanol,Betis,HOME,0.3004789121417498,3.43,0.03064266864620202,0.003152537926563982,3.152537926563982,1-2
2025-04-05,Bundesliga,Mainz,Holstein Kiel,HOME,0.7155811134255046,1.44,0.03043680333272647,0.017293638257230983,17.293638257230985,1-1
2024-09-15,Bundesliga,Mainz,Werder Bremen,HOME,0.4682956411463513,2.2,0.03025041052197297,0.006302168858744345,6.302168858744345,1-2
2025-05-12,Serie A,Atalanta,Roma,HOME,0.49764653052537244,2.07,0.03012831818752093,0.007039326679327321,7.0393266793273215,2-1
